Kate_Dutton,Overweight
emmaginary,Overweight
pineapple_bride,Overweight
aurelientt,NotOverweight
NaughtyWethaGrl,Overweight
michelewritesit,Overweight
Warren2Warren,Overweight
graysonknight,NotOverweight
sarahsthecutest,NotOverweight
freedomlove12,Overweight
JustRachel32,NotOverweight
rastreus,NotOverweight
greco_james,Overweight
iTzDEViOUSBitch,Overweight
AlanaModel93,NotOverweight
AbbyHull,Overweight
YOB_JayDaisy,NotOverweight
cryslewis,Overweight
X_Shaun_X,NotOverweight
SteveOhhster,Overweight
helenrstarr,Overweight
NoahJasonKatz,NotOverweight
KiaBaikie17,NotOverweight
tiaraditcher,NotOverweight
JillPaige9,Overweight
KnicolasL,NotOverweight
Nickstar245,Overweight
AlenMlatisuma,NotOverweight
BiancaRey,NotOverweight
BridgetxMarie,Overweight
KeeleyPowell,Overweight
KaylaniaChapman,Overweight
Taralindseyy,NotOverweight
KerryMacuska,NotOverweight
bsperkins25,NotOverweight
Kimberly_Rigsby,Overweight
enrilemoine,NotOverweight
Antonior20,Overweight
ryankopinsky,NotOverweight
fitgirlarabia,NotOverweight
MrzDiaz11,Overweight
JeannetteC9,Overweight
Lauraaaaaa_G,NotOverweight
MissyDiNe27,Overweight
SarenaShasteen,NotOverweight
SpacecadetDanni,Overweight
MichaelleParris,Overweight
nguyensean97,NotOverweight
Arielchris219,NotOverweight
MilaCGates,NotOverweight
BenRobertson,NotOverweight
MollyHalloran,Overweight
BenZenker,Overweight
AkiaGarnett,Overweight
JenArmstrongHI,NotOverweight
NikoleHaumont,Overweight
linneaholbrook,Overweight
russellwestofa,NotOverweight
Danceman07,NotOverweight
RazzleDazzle17,NotOverweight
AbrahamAvila75,NotOverweight
emilydelphia,NotOverweight
Da1AndOnlyShie,Overweight
jessiecamacho,NotOverweight
AshleyBendiksen,NotOverweight
Melissasilva22,NotOverweight
ajburuca,Overweight
LaurMichalczyk,NotOverweight
chuchie2328,NotOverweight
TAhlmeyer21,NotOverweight
mellizam92,Overweight
Tara_Polk,NotOverweight
JacquieCope09,NotOverweight
jacqueline2116,Overweight
Moosie928,NotOverweight
SharmaRoger,NotOverweight
AgirlnamedStew,NotOverweight
iowafiregirl13,Overweight
jbrnike,NotOverweight
Mirlandra,Overweight
GODofwhatUC,NotOverweight
PeachTheBoss,Overweight
Chelssie,NotOverweight
jcustodio1988,Overweight
Ferret488,Overweight
samasuarus,NotOverweight
joshua_reed09,NotOverweight
bigkjin,Overweight
kettlebellekari,NotOverweight
jmall219,Overweight
LesleyJOng,NotOverweight
AlicePotenza,Overweight
JeanKSee,NotOverweight
koikefish,Overweight
_alipeden,NotOverweight
linneaholbrook,Overweight
Koyumism,NotOverweight
Caramel0131,Overweight
Schmillz0313,NotOverweight
Kjbarnes3,Overweight
kreshabajaj,NotOverweight
smcney14,Overweight
Nichelle_My_Bel,NotOverweight
AshleyBendiksen,NotOverweight
RykerSuicide,NotOverweight
tlkingsland,NotOverweight
henrYFoto,NotOverweight
KnottyHousewife,NotOverweight
KXtra,NotOverweight
kevinthejover,NotOverweight
Roll_My_BluntS_,NotOverweight
mi2wisterchaser,Overweight
AllieBornstein,NotOverweight
dawnlfred,Overweight
Hi_breannalynn,Overweight
jerseydude21,NotOverweight
Adventureruler,NotOverweight
xmOBSCENEx69,NotOverweight
houck129,NotOverweight
nocrad,NotOverweight
JennyJDaybyDay,NotOverweight
Blanny_Ramirez,NotOverweight
AllyKMasi,NotOverweight
cmrussell243,NotOverweight
pupalova0701,NotOverweight
maelisabonbagay,NotOverweight
taralynne9875,NotOverweight
bigbear1416,Overweight
ShannaliciousNJ,Overweight
CarlyBossert,NotOverweight
elino4ka,Overweight
Joe_DeRocker,NotOverweight
bruangendut,Overweight
silvia_z91,NotOverweight
alliejtw86,Overweight
Josiejanzvwp,NotOverweight
AshlynnedePink,NotOverweight
Kandiegrl9489,NotOverweight
MelanieEitel,NotOverweight
spngebobmyhero,NotOverweight
dhrace2000,NotOverweight
stephanieballou,NotOverweight
cillaboink,NotOverweight
WinnieC21,NotOverweight
jordanremmes,NotOverweight
tomking12,Overweight
shebbels,NotOverweight
grantbosse,Overweight
Senjimomma,NotOverweight
Trevor_Bouchard,NotOverweight
SarahEatsOmaha,NotOverweight
i_am_summerj,NotOverweight
PrettynpinKayla,NotOverweight
hzlbebz,NotOverweight
EtoilesUnique,NotOverweight
shakethedust32,NotOverweight
celenawhite24,NotOverweight
TerryDullum,NotOverweight
MsClassyChic77,Overweight
treatsandsneaks,NotOverweight
WhatsQuacken,Overweight
iTweetsRNS,NotOverweight
JessicaAten,NotOverweight
bhed635,NotOverweight
amgenove,Overweight
catpass,Overweight
megg0101,NotOverweight
samuelldunlap,NotOverweight
Solyss,NotOverweight
JamieDeBree,NotOverweight
KrystaPooh,Overweight
grantgaar,NotOverweight
socrates_meza,NotOverweight
cassidyscowgirl,Overweight
poohbearswife16,Overweight
twindion,NotOverweight
BBQDuchess,NotOverweight
Rlauren93,NotOverweight
Brooks0326,NotOverweight
cdel58,Overweight
jonaustinm,Overweight
kt_coco,Overweight
Hilda_Mariana,NotOverweight
DeSmitten,NotOverweight
nazcolakoglu,NotOverweight
allenweichen,NotOverweight
lasuever,NotOverweight
TillzSoAppalled,Overweight
Mcc0nnell,Overweight
BlahThreeTimes,NotOverweight
RyanRysdam,Overweight
wiggles9,NotOverweight
HeyYoBecky,Overweight
sshanks89,Overweight
shonnyDOTcom,Overweight
kim_quyen311,NotOverweight
PapaRatzi83,NotOverweight
SlimChamberlain,NotOverweight
AmoyC1,Overweight
ShAwNa_MaYe,Overweight
Dajero_24,NotOverweight
andrea_kirsch,NotOverweight
philipguillen,Overweight
Helroy,NotOverweight
tramatics,Overweight
y_a_w_e_h,NotOverweight
K_Gallaher,Overweight
lorielnicole,NotOverweight
ichiilley,NotOverweight
40winx,NotOverweight
tjdeluca,Overweight
HarvestGm,NotOverweight
DanielleBisbano,NotOverweight
DelgadoMarky,Overweight
taylordawn_b,NotOverweight
bayley_sharp,NotOverweight
xavviahh,NotOverweight
karlaTHUG,Overweight
angelarauscher,NotOverweight
pughcivitas,Overweight
C_Cunningtubby,Overweight
andresgtweets,NotOverweight
brilaurenbela,NotOverweight
ericacal,NotOverweight
Lefiont,NotOverweight
Tim_Coggin,NotOverweight
kevincrafton,NotOverweight
JennyJens822,Overweight
KennethBurnett,Overweight
AndreaLBarnes,NotOverweight
AvaMarcell,Overweight
RyanGabbart,NotOverweight
RobinHackney,Overweight
karahelen,Overweight
JenniLeeLondon,NotOverweight
MernaEltorki,NotOverweight
rubenvasquezjr,Overweight
CarlosIsAwesome,Overweight
persianmamablog,NotOverweight
SweetMolcajete,NotOverweight
tomhartley0,Overweight
becca4dk,NotOverweight
doordork1966,Overweight
kevincrafton,NotOverweight
JennyJens822,Overweight
KennethBurnett,NotOverweight
AndreaLBarnes,NotOverweight
tomhartley0,Overweight
becca4dk,Overweight
StephanieCarls4,NotOverweight
CrownVega,NotOverweight
Bbritnell,NotOverweight
dankuehn,Overweight
iAmRasta_Rebel,Overweight
emilyg2120,Overweight
payneCorp,NotOverweight
RachyLeighB,NotOverweight
CatherynVogel,NotOverweight
SRSchiavoni,Overweight
doordork1966,Overweight
AprilMCooking,NotOverweight
IamReality24,NotOverweight